{
  "DSCF0666": {
    "scale": 0,
    "offset": 0
  },
  "DSCF0745": {
    "scale": 0,
    "offset": 0
  },
  "DSCF0784": {
    "scale": 76.38208905521431,
    "offset": 0.08182335218240722
  },
  "DSCF0799": {
    "scale": 67.53674239700828,
    "offset": 0.08587126235155235
  },
  "DSCF0927": {
    "scale": 0,
    "offset": 0
  },
  "DSCF0829": {
    "scale": 61.21513176270816,
    "offset": 0.0759034830594062
  },
  "DSCF0856": {
    "scale": 0,
    "offset": 0
  },
  "DSCF0898": {
    "scale": 62.61388157737224,
    "offset": 0.0755410573721548
  }
}